ID,PRECIO,CANTIDAD
1,573.000000,5
2,468210.000000,10
3,570.000000,15
4,68574.000000,20
