ID,Precio,Cantidad
111223,30012.000000,1
444321,1000000.000000,4
434321,50.500000,1
