id,precio,cantidad
100,115000.000000,10
200,120000.000000,20
3000,130000.000000,30
400,140000.000000,40
